"funnel_stage","funnel_name","platform","age_range","book_time","ride_count"
"1","Requested_ride","ios","Unknown","09","11110"
"1","Requested_ride","ios","Unknown","08","11126"
"1","Requested_ride","ios","Unknown","16","10960"
"1","Requested_ride","ios","Unknown","17","10590"
"1","Requested_ride","ios","Unknown","18","7396"
"1","Requested_ride","ios","35-44","09","10704"
"1","Requested_ride","ios","35-44","08","10635"
"1","Requested_ride","ios","35-44","17","10359"
"1","Requested_ride","ios","Unknown","19","7137"
"1","Requested_ride","ios","35-44","16","10364"
"1","Requested_ride","ios","35-44","18","7233"
"1","Requested_ride","ios","35-44","19","7029"
"1","Requested_ride","ios","25-34","17","7113"
"1","Requested_ride","ios","25-34","08","7261"
"1","Requested_ride","ios","25-34","09","7306"
"1","Requested_ride","ios","25-34","16","6988"
"1","Requested_ride","ios","25-34","18","4782"
"1","Requested_ride","ios","25-34","19","4762"
"1","Requested_ride","ios","Unknown","10","1657"
"1","Requested_ride","ios","35-44","10","1602"
"1","Requested_ride","ios","Unknown","15","1503"
"1","Requested_ride","ios","35-44","15","1493"
"1","Requested_ride","ios","Unknown","13","1484"
"1","Requested_ride","android","Unknown","08","5246"
"1","Requested_ride","android","Unknown","17","5138"
"1","Requested_ride","android","Unknown","16","5054"
"1","Requested_ride","ios","Unknown","12","1446"
"1","Requested_ride","android","Unknown","09","5236"
"1","Requested_ride","ios","Unknown","11","1410"
"1","Requested_ride","android","35-44","17","4961"
"1","Requested_ride","android","35-44","08","5189"
"1","Requested_ride","ios","Unknown","14","1432"
"1","Requested_ride","android","35-44","16","5116"
"1","Requested_ride","android","35-44","09","5232"
"1","Requested_ride","ios","35-44","12","1427"
"1","Requested_ride","android","Unknown","18","3602"
"1","Requested_ride","android","Unknown","19","3558"
"1","Requested_ride","ios","35-44","11","1392"
"1","Requested_ride","android","35-44","18","3488"
"1","Requested_ride","android","35-44","19","3474"
"1","Requested_ride","ios","35-44","13","1360"
"1","Requested_ride","ios","35-44","14","1397"
"1","Requested_ride","ios","45-54","08","3762"
"1","Requested_ride","ios","45-54","16","3685"
"1","Requested_ride","ios","45-54","09","3832"
"1","Requested_ride","ios","45-54","17","3646"
"1","Requested_ride","ios","18-24","08","3836"
"1","Requested_ride","ios","18-24","09","3718"
"1","Requested_ride","ios","18-24","17","3675"
"1","Requested_ride","ios","18-24","16","3742"
"1","Requested_ride","ios","25-34","15","1043"
"1","Requested_ride","ios","25-34","13","1018"
"1","Requested_ride","ios","45-54","19","2418"
"1","Requested_ride","ios","25-34","10","1056"
"1","Requested_ride","ios","18-24","19","2568"
"1","Requested_ride","ios","45-54","18","2656"
"1","Requested_ride","ios","18-24","18","2494"
"1","Requested_ride","ios","25-34","11","978"
"1","Requested_ride","ios","25-34","12","963"
"1","Requested_ride","android","25-34","17","3269"
"1","Requested_ride","android","25-34","08","3345"
"1","Requested_ride","android","25-34","09","3465"
"1","Requested_ride","android","25-34","16","3276"
"1","Requested_ride","ios","25-34","14","898"
"1","Requested_ride","android","25-34","18","2296"
"1","Requested_ride","android","25-34","19","2134"
"1","Requested_ride","android","35-44","10","791"
"1","Requested_ride","android","Unknown","10","784"
"1","Requested_ride","android","Unknown","15","717"
"1","Requested_ride","android","35-44","13","733"
"1","Requested_ride","android","Unknown","13","729"
"1","Requested_ride","android","Unknown","14","708"
"1","Requested_ride","android","35-44","11","705"
"1","Requested_ride","android","35-44","14","692"
"1","Requested_ride","android","Unknown","12","684"
"1","Requested_ride","android","35-44","12","693"
"1","Requested_ride","android","Unknown","11","719"
"1","Requested_ride","android","35-44","15","651"
"1","Requested_ride","ios","18-24","10","596"
"1","Requested_ride","ios","45-54","10","577"
"1","Requested_ride","ios","45-54","12","546"
"1","Requested_ride","ios","18-24","11","507"
"1","Requested_ride","web","35-44","08","1952"
"1","Requested_ride","web","35-44","17","1854"
"1","Requested_ride","web","35-44","09","1886"
"1","Requested_ride","android","18-24","17","1821"
"1","Requested_ride","ios","Unknown","20","418"
"1","Requested_ride","android","18-24","08","1891"
"1","Requested_ride","web","35-44","16","1797"
"1","Requested_ride","android","18-24","16","1766"
"1","Requested_ride","android","18-24","09","1819"
"1","Requested_ride","ios","18-24","14","523"
"1","Requested_ride","web","35-44","18","1288"
"1","Requested_ride","android","45-54","09","1834"
"1","Requested_ride","android","45-54","16","1764"
"1","Requested_ride","ios","45-54","13","506"
"1","Requested_ride","web","35-44","19","1282"
"1","Requested_ride","android","45-54","17","1733"
"1","Requested_ride","android","18-24","19","1247"
"1","Requested_ride","android","18-24","18","1213"
"1","Requested_ride","ios","45-54","14","518"
"1","Requested_ride","ios","45-54","11","507"
"1","Requested_ride","android","45-54","08","1727"
"1","Requested_ride","ios","35-44","20","404"
"1","Requested_ride","android","45-54","19","1186"
"1","Requested_ride","ios","18-24","12","494"
"1","Requested_ride","android","45-54","18","1178"
"1","Requested_ride","ios","18-24","13","450"
"1","Requested_ride","android","25-34","10","494"
"1","Requested_ride","ios","18-24","15","449"
"1","Requested_ride","ios","45-54","15","472"
"1","Requested_ride","web","Unknown","16","1702"
"1","Requested_ride","web","Unknown","08","1676"
"1","Requested_ride","web","Unknown","09","1714"
"1","Requested_ride","web","Unknown","17","1668"
"1","Requested_ride","android","25-34","14","460"
"1","Requested_ride","web","Unknown","18","1132"
"1","Requested_ride","android","25-34","11","449"
"1","Requested_ride","web","Unknown","19","1122"
"1","Requested_ride","android","25-34","15","425"
"1","Requested_ride","android","25-34","13","412"
"1","Requested_ride","android","25-34","12","421"
"1","Requested_ride","ios","35-44","05","311"
"1","Requested_ride","ios","35-44","21","308"
"1","Requested_ride","ios","Unknown","22","301"
"1","Requested_ride","ios","Unknown","06","306"
"1","Requested_ride","ios","Unknown","23","302"
"1","Requested_ride","ios","Unknown","05","297"
"1","Requested_ride","ios","Unknown","02","302"
"1","Requested_ride","ios","Unknown","21","296"
"1","Requested_ride","ios","Unknown","07","295"
"1","Requested_ride","ios","35-44","04","306"
"1","Requested_ride","ios","35-44","02","286"
"1","Requested_ride","ios","35-44","23","291"
"1","Requested_ride","ios","Unknown","00","289"
"1","Requested_ride","ios","Unknown","04","287"
"1","Requested_ride","ios","Unknown","03","284"
"1","Requested_ride","ios","35-44","07","280"
"1","Requested_ride","ios","Unknown","01","287"
"1","Requested_ride","ios","35-44","03","280"
"1","Requested_ride","ios","35-44","06","281"
"1","Requested_ride","ios","35-44","00","276"
"1","Requested_ride","ios","35-44","01","277"
"1","Requested_ride","ios","25-34","20","279"
"1","Requested_ride","ios","35-44","22","262"
"1","Requested_ride","web","25-34","17","1113"
"1","Requested_ride","web","25-34","16","1074"
"1","Requested_ride","web","25-34","08","1144"
"1","Requested_ride","web","25-34","09","1074"
"1","Requested_ride","web","25-34","18","743"
"1","Requested_ride","web","25-34","19","743"
"1","Requested_ride","web","35-44","10","288"
"1","Requested_ride","android","18-24","10","297"
"1","Requested_ride","ios","25-34","21","218"
"1","Requested_ride","web","35-44","11","263"
"1","Requested_ride","android","18-24","15","256"
"1","Requested_ride","android","18-24","12","256"
"1","Requested_ride","android","18-24","13","247"
"1","Requested_ride","ios","25-34","04","204"
"1","Requested_ride","android","45-54","10","261"
"1","Requested_ride","android","45-54","13","247"
"1","Requested_ride","ios","25-34","01","196"
"1","Requested_ride","web","35-44","13","235"
"1","Requested_ride","web","35-44","12","255"
"1","Requested_ride","web","35-44","15","245"
"1","Requested_ride","android","Unknown","20","204"
"1","Requested_ride","ios","25-34","02","188"
"1","Requested_ride","ios","25-34","03","187"
"1","Requested_ride","web","35-44","14","249"
"1","Requested_ride","android","45-54","12","242"
"1","Requested_ride","web","Unknown","10","242"
"1","Requested_ride","android","18-24","14","248"
"1","Requested_ride","ios","25-34","23","187"
"1","Requested_ride","ios","25-34","22","186"
"1","Requested_ride","android","45-54","11","237"
"1","Requested_ride","ios","25-34","07","188"
"1","Requested_ride","android","18-24","11","223"
"1","Requested_ride","android","45-54","15","234"
"1","Requested_ride","android","35-44","21","174"
"1","Requested_ride","android","45-54","14","233"
"1","Requested_ride","web","Unknown","14","228"
"1","Requested_ride","ios","25-34","06","178"
"1","Requested_ride","android","35-44","20","176"
"1","Requested_ride","web","Unknown","11","213"
"1","Requested_ride","ios","25-34","05","175"
"1","Requested_ride","ios","25-34","00","169"
"1","Requested_ride","android","Unknown","21","165"
"1","Requested_ride","web","Unknown","13","219"
"1","Requested_ride","web","Unknown","12","210"
"1","Requested_ride","android","35-44","07","160"
"1","Requested_ride","web","Unknown","15","189"
"1","Requested_ride","android","Unknown","01","150"
"1","Requested_ride","android","35-44","05","159"
"1","Requested_ride","android","Unknown","02","152"
"1","Requested_ride","web","18-24","09","688"
"1","Requested_ride","web","18-24","08","691"
"1","Requested_ride","web","18-24","17","672"
"1","Requested_ride","web","18-24","16","637"
"1","Requested_ride","ios","45-54","20","150"
"1","Requested_ride","android","Unknown","22","149"
"1","Requested_ride","android","Unknown","06","147"
"1","Requested_ride","android","35-44","04","140"
"1","Requested_ride","web","18-24","19","452"
"1","Requested_ride","android","Unknown","03","142"
"1","Requested_ride","web","18-24","18","473"
"1","Requested_ride","android","Unknown","05","138"
"1","Requested_ride","android","Unknown","04","137"
"1","Requested_ride","android","35-44","06","134"
"1","Requested_ride","android","35-44","00","133"
"1","Requested_ride","web","45-54","09","592"
"1","Requested_ride","web","45-54","17","564"
"1","Requested_ride","web","45-54","16","602"
"1","Requested_ride","web","45-54","08","590"
"1","Requested_ride","android","Unknown","07","132"
"1","Requested_ride","android","Unknown","00","131"
"1","Requested_ride","web","25-34","10","179"
"1","Requested_ride","ios","18-24","20","136"
"1","Requested_ride","android","35-44","02","129"
"1","Requested_ride","android","35-44","03","132"
"1","Requested_ride","web","45-54","19","383"
"1","Requested_ride","web","25-34","14","171"
"1","Requested_ride","web","45-54","18","398"
"1","Requested_ride","android","Unknown","23","129"
"1","Requested_ride","android","25-34","20","129"
"1","Requested_ride","android","35-44","22","125"
"1","Requested_ride","ios","45-54","22","128"
"1","Requested_ride","web","25-34","11","149"
"1","Requested_ride","android","35-44","23","117"
"1","Requested_ride","web","25-34","12","154"
"1","Requested_ride","ios","18-24","04","116"
"1","Requested_ride","android","35-44","01","116"
"1","Requested_ride","ios","18-24","00","112"
"1","Requested_ride","ios","45-54","23","112"
"1","Requested_ride","ios","45-54","01","113"
"1","Requested_ride","ios","18-24","22","110"
"1","Requested_ride","ios","18-24","01","108"
"1","Requested_ride","ios","45-54","05","112"
"1","Requested_ride","ios","18-24","07","107"
"1","Requested_ride","ios","45-54","07","109"
"1","Requested_ride","web","25-34","13","127"
"1","Requested_ride","web","25-34","15","128"
"1","Requested_ride","android","25-34","02","103"
"1","Requested_ride","ios","45-54","21","102"
"1","Requested_ride","ios","18-24","02","101"
"1","Requested_ride","ios","18-24","03","100"
"1","Requested_ride","ios","45-54","02","100"
"1","Requested_ride","android","25-34","23","102"
"1","Requested_ride","ios","18-24","05","97"
"1","Requested_ride","ios","45-54","04","94"
"1","Requested_ride","android","25-34","21","97"
"1","Requested_ride","android","25-34","07","94"
"1","Requested_ride","ios","45-54","00","92"
"1","Requested_ride","ios","18-24","06","91"
"1","Requested_ride","ios","18-24","23","90"
"1","Requested_ride","android","25-34","22","88"
"1","Requested_ride","android","25-34","01","88"
"1","Requested_ride","android","25-34","00","88"
"1","Requested_ride","ios","18-24","21","86"
"1","Requested_ride","android","25-34","03","85"
"1","Requested_ride","web","18-24","10","113"
"1","Requested_ride","web","18-24","13","112"
"1","Requested_ride","android","25-34","06","85"
"1","Requested_ride","ios","45-54","03","82"
"1","Requested_ride","android","25-34","04","79"
"1","Requested_ride","web","45-54","14","89"
"1","Requested_ride","web","Unknown","20","76"
"1","Requested_ride","ios","45-54","06","73"
"1","Requested_ride","web","18-24","11","98"
"1","Requested_ride","android","25-34","05","72"
"1","Requested_ride","web","35-44","20","69"
"1","Requested_ride","web","18-24","14","88"
"1","Requested_ride","web","18-24","12","93"
"1","Requested_ride","web","45-54","12","88"
"1","Requested_ride","web","45-54","10","87"
"1","Requested_ride","web","45-54","13","81"
"1","Requested_ride","web","18-24","15","74"
"1","Requested_ride","android","18-24","20","64"
"1","Requested_ride","web","45-54","15","78"
"1","Requested_ride","android","45-54","20","65"
"1","Requested_ride","web","45-54","11","78"
"1","Requested_ride","android","18-24","03","62"
"1","Requested_ride","android","18-24","06","59"
"1","Requested_ride","web","Unknown","02","56"
"1","Requested_ride","web","35-44","07","60"
"1","Requested_ride","web","35-44","22","58"
"1","Requested_ride","android","18-24","22","58"
"1","Requested_ride","web","Unknown","21","54"
"1","Requested_ride","web","35-44","23","53"
"1","Requested_ride","android","45-54","01","55"
"1","Requested_ride","web","35-44","00","55"
"1","Requested_ride","web","35-44","04","54"
"1","Requested_ride","web","35-44","05","56"
"1","Requested_ride","android","18-24","05","55"
"1","Requested_ride","android","18-24","01","53"
"1","Requested_ride","android","45-54","02","52"
"1","Requested_ride","android","18-24","00","52"
"1","Requested_ride","android","18-24","07","53"
"1","Requested_ride","android","45-54","05","52"
"1","Requested_ride","android","45-54","00","52"
"1","Requested_ride","android","45-54","06","51"
"1","Requested_ride","web","Unknown","05","49"
"1","Requested_ride","android","45-54","22","51"
"1","Requested_ride","web","35-44","01","50"
"1","Requested_ride","web","35-44","21","49"
"1","Requested_ride","web","Unknown","22","50"
"1","Requested_ride","android","18-24","02","47"
"1","Requested_ride","android","18-24","23","46"
"1","Requested_ride","android","45-54","21","52"
"1","Requested_ride","web","35-44","02","47"
"1","Requested_ride","android","45-54","07","51"
"1","Requested_ride","android","18-24","21","46"
"1","Requested_ride","web","Unknown","00","44"
"1","Requested_ride","web","35-44","06","44"
"1","Requested_ride","android","45-54","04","41"
"1","Requested_ride","web","Unknown","23","40"
"1","Requested_ride","web","35-44","03","43"
"1","Requested_ride","web","Unknown","01","40"
"1","Requested_ride","android","45-54","23","39"
"1","Requested_ride","web","Unknown","07","37"
"1","Requested_ride","web","Unknown","06","37"
"1","Requested_ride","web","Unknown","03","36"
"1","Requested_ride","android","18-24","04","36"
"1","Requested_ride","web","25-34","23","35"
"1","Requested_ride","android","45-54","03","38"
"1","Requested_ride","web","25-34","04","33"
"1","Requested_ride","web","25-34","01","33"
"1","Requested_ride","web","25-34","03","33"
"1","Requested_ride","web","25-34","20","34"
"1","Requested_ride","web","25-34","05","30"
"1","Requested_ride","web","25-34","06","30"
"1","Requested_ride","web","25-34","00","31"
"1","Requested_ride","web","25-34","02","29"
"1","Requested_ride","web","45-54","20","29"
"1","Requested_ride","web","Unknown","04","29"
"1","Requested_ride","web","18-24","23","26"
"1","Requested_ride","web","25-34","07","25"
"1","Requested_ride","web","25-34","21","23"
"1","Requested_ride","web","45-54","03","23"
"1","Requested_ride","web","25-34","22","22"
"1","Requested_ride","web","18-24","20","21"
"1","Requested_ride","web","18-24","22","19"
"1","Requested_ride","web","45-54","06","19"
"1","Requested_ride","web","18-24","01","19"
"1","Requested_ride","web","45-54","02","18"
"1","Requested_ride","web","18-24","21","18"
"1","Requested_ride","web","18-24","07","18"
"1","Requested_ride","web","45-54","22","17"
"1","Requested_ride","web","18-24","02","17"
"1","Requested_ride","web","18-24","03","16"
"1","Requested_ride","web","45-54","00","16"
"1","Requested_ride","web","18-24","05","15"
"1","Requested_ride","web","45-54","05","15"
"1","Requested_ride","web","18-24","00","14"
"1","Requested_ride","web","18-24","06","13"
"1","Requested_ride","web","18-24","04","12"
"1","Requested_ride","web","45-54","21","13"
"1","Requested_ride","web","45-54","23","11"
"1","Requested_ride","web","45-54","07","9"
"1","Requested_ride","web","45-54","04","8"
"1","Requested_ride","web","45-54","01","8"
"2","Accepted_ride","ios","Unknown","08","7022"
"2","Accepted_ride","ios","Unknown","17","6679"
"2","Accepted_ride","ios","Unknown","09","6962"
"2","Accepted_ride","ios","35-44","09","6961"
"2","Accepted_ride","ios","Unknown","16","6861"
"2","Accepted_ride","ios","35-44","17","6756"
"2","Accepted_ride","ios","35-44","16","6679"
"2","Accepted_ride","ios","35-44","08","6840"
"2","Accepted_ride","ios","Unknown","18","4606"
"2","Accepted_ride","ios","35-44","18","4653"
"2","Accepted_ride","ios","35-44","19","4613"
"2","Accepted_ride","ios","Unknown","19","4508"
"2","Accepted_ride","ios","25-34","17","4705"
"2","Accepted_ride","ios","25-34","09","4737"
"2","Accepted_ride","ios","25-34","08","4721"
"2","Accepted_ride","ios","25-34","16","4524"
"2","Accepted_ride","ios","25-34","18","3127"
"2","Accepted_ride","ios","25-34","19","3146"
"2","Accepted_ride","android","Unknown","09","3382"
"2","Accepted_ride","android","Unknown","08","3463"
"2","Accepted_ride","android","35-44","09","3369"
"2","Accepted_ride","android","35-44","08","3318"
"2","Accepted_ride","android","Unknown","17","3305"
"2","Accepted_ride","android","35-44","17","3204"
"2","Accepted_ride","android","35-44","16","3364"
"2","Accepted_ride","android","Unknown","16","3281"
"2","Accepted_ride","ios","Unknown","10","1018"
"2","Accepted_ride","android","Unknown","18","2326"
"2","Accepted_ride","android","Unknown","19","2304"
"2","Accepted_ride","android","35-44","19","2258"
"2","Accepted_ride","android","35-44","18","2273"
"2","Accepted_ride","ios","35-44","10","1018"
"2","Accepted_ride","ios","35-44","15","966"
"2","Accepted_ride","ios","Unknown","13","910"
"2","Accepted_ride","ios","Unknown","15","935"
"2","Accepted_ride","ios","Unknown","12","912"
"2","Accepted_ride","ios","35-44","12","905"
"2","Accepted_ride","ios","Unknown","14","902"
"2","Accepted_ride","ios","35-44","14","922"
"2","Accepted_ride","ios","Unknown","11","870"
"2","Accepted_ride","ios","35-44","11","866"
"2","Accepted_ride","ios","35-44","13","877"
"2","Accepted_ride","ios","18-24","16","2541"
"2","Accepted_ride","ios","18-24","17","2485"
"2","Accepted_ride","ios","18-24","08","2561"
"2","Accepted_ride","ios","18-24","09","2428"
"2","Accepted_ride","ios","45-54","17","2375"
"2","Accepted_ride","ios","45-54","08","2390"
"2","Accepted_ride","ios","45-54","09","2525"
"2","Accepted_ride","ios","45-54","16","2373"
"2","Accepted_ride","ios","18-24","19","1681"
"2","Accepted_ride","ios","45-54","18","1695"
"2","Accepted_ride","ios","45-54","19","1551"
"2","Accepted_ride","android","25-34","16","2161"
"2","Accepted_ride","ios","18-24","18","1645"
"2","Accepted_ride","android","25-34","17","2077"
"2","Accepted_ride","android","25-34","08","2218"
"2","Accepted_ride","android","25-34","09","2304"
"2","Accepted_ride","ios","25-34","15","688"
"2","Accepted_ride","ios","25-34","13","661"
"2","Accepted_ride","ios","25-34","11","642"
"2","Accepted_ride","ios","25-34","10","683"
"2","Accepted_ride","ios","25-34","12","624"
"2","Accepted_ride","android","25-34","18","1495"
"2","Accepted_ride","android","25-34","19","1405"
"2","Accepted_ride","ios","25-34","14","549"
"2","Accepted_ride","android","35-44","10","504"
"2","Accepted_ride","android","Unknown","10","507"
"2","Accepted_ride","android","35-44","13","486"
"2","Accepted_ride","android","Unknown","15","465"
"2","Accepted_ride","android","Unknown","13","466"
"2","Accepted_ride","android","35-44","11","461"
"2","Accepted_ride","android","Unknown","14","446"
"2","Accepted_ride","android","Unknown","11","466"
"2","Accepted_ride","android","Unknown","12","446"
"2","Accepted_ride","android","35-44","15","438"
"2","Accepted_ride","android","35-44","12","434"
"2","Accepted_ride","android","35-44","14","451"
"2","Accepted_ride","web","35-44","09","1264"
"2","Accepted_ride","web","35-44","08","1301"
"2","Accepted_ride","android","18-24","08","1244"
"2","Accepted_ride","android","18-24","17","1158"
"2","Accepted_ride","android","18-24","16","1093"
"2","Accepted_ride","web","35-44","17","1205"
"2","Accepted_ride","web","35-44","16","1183"
"2","Accepted_ride","android","18-24","09","1163"
"2","Accepted_ride","android","45-54","09","1140"
"2","Accepted_ride","web","Unknown","16","1109"
"2","Accepted_ride","ios","18-24","10","395"
"2","Accepted_ride","android","45-54","17","1104"
"2","Accepted_ride","android","45-54","16","1094"
"2","Accepted_ride","web","35-44","18","817"
"2","Accepted_ride","web","35-44","19","869"
"2","Accepted_ride","ios","45-54","12","372"
"2","Accepted_ride","android","45-54","08","1069"
"2","Accepted_ride","ios","18-24","11","342"
"2","Accepted_ride","ios","18-24","14","359"
"2","Accepted_ride","ios","45-54","10","373"
"2","Accepted_ride","web","Unknown","09","1128"
"2","Accepted_ride","web","Unknown","08","1106"
"2","Accepted_ride","android","18-24","18","765"
"2","Accepted_ride","ios","Unknown","20","274"
"2","Accepted_ride","web","Unknown","17","1073"
"2","Accepted_ride","android","18-24","19","783"
"2","Accepted_ride","ios","45-54","14","345"
"2","Accepted_ride","ios","35-44","20","276"
"2","Accepted_ride","android","45-54","19","759"
"2","Accepted_ride","ios","45-54","13","331"
"2","Accepted_ride","ios","18-24","12","319"
"2","Accepted_ride","android","45-54","18","745"
"2","Accepted_ride","ios","45-54","11","323"
"2","Accepted_ride","android","25-34","14","322"
"2","Accepted_ride","ios","18-24","15","301"
"2","Accepted_ride","web","Unknown","18","719"
"2","Accepted_ride","ios","18-24","13","299"
"2","Accepted_ride","web","Unknown","19","728"
"2","Accepted_ride","android","25-34","11","299"
"2","Accepted_ride","android","25-34","10","318"
"2","Accepted_ride","ios","45-54","15","294"
"2","Accepted_ride","android","25-34","15","277"
"2","Accepted_ride","ios","35-44","05","216"
"2","Accepted_ride","android","25-34","12","275"
"2","Accepted_ride","android","25-34","13","267"
"2","Accepted_ride","ios","Unknown","05","196"
"2","Accepted_ride","ios","Unknown","02","199"
"2","Accepted_ride","ios","35-44","21","199"
"2","Accepted_ride","ios","Unknown","22","193"
"2","Accepted_ride","ios","35-44","01","196"
"2","Accepted_ride","ios","Unknown","04","197"
"2","Accepted_ride","ios","Unknown","06","193"
"2","Accepted_ride","ios","35-44","07","189"
"2","Accepted_ride","ios","35-44","02","181"
"2","Accepted_ride","ios","35-44","06","191"
"2","Accepted_ride","ios","35-44","04","185"
"2","Accepted_ride","web","25-34","17","684"
"2","Accepted_ride","ios","35-44","23","187"
"2","Accepted_ride","ios","Unknown","23","183"
"2","Accepted_ride","ios","Unknown","07","184"
"2","Accepted_ride","ios","Unknown","03","182"
"2","Accepted_ride","ios","35-44","00","180"
"2","Accepted_ride","ios","35-44","03","175"
"2","Accepted_ride","ios","25-34","20","181"
"2","Accepted_ride","ios","Unknown","00","174"
"2","Accepted_ride","web","25-34","09","670"
"2","Accepted_ride","web","25-34","08","722"
"2","Accepted_ride","web","25-34","16","653"
"2","Accepted_ride","ios","Unknown","21","167"
"2","Accepted_ride","ios","Unknown","01","171"
"2","Accepted_ride","web","25-34","18","462"
"2","Accepted_ride","web","25-34","19","423"
"2","Accepted_ride","ios","35-44","22","156"
"2","Accepted_ride","android","18-24","10","189"
"2","Accepted_ride","web","35-44","10","187"
"2","Accepted_ride","ios","25-34","21","142"
"2","Accepted_ride","android","18-24","13","173"
"2","Accepted_ride","web","35-44","11","172"
"2","Accepted_ride","ios","25-34","03","133"
"2","Accepted_ride","android","18-24","12","165"
"2","Accepted_ride","ios","25-34","01","132"
"2","Accepted_ride","web","35-44","15","168"
"2","Accepted_ride","ios","25-34","04","133"
"2","Accepted_ride","ios","25-34","07","132"
"2","Accepted_ride","web","35-44","14","168"
"2","Accepted_ride","android","18-24","15","159"
"2","Accepted_ride","android","45-54","13","161"
"2","Accepted_ride","android","18-24","14","158"
"2","Accepted_ride","web","35-44","13","150"
"2","Accepted_ride","android","35-44","21","121"
"2","Accepted_ride","android","45-54","14","164"
"2","Accepted_ride","ios","25-34","02","119"
"2","Accepted_ride","web","35-44","12","164"
"2","Accepted_ride","android","45-54","10","166"
"2","Accepted_ride","web","18-24","17","421"
"2","Accepted_ride","android","45-54","12","153"
"2","Accepted_ride","ios","25-34","23","119"
"2","Accepted_ride","ios","25-34","22","118"
"2","Accepted_ride","android","18-24","11","142"
"2","Accepted_ride","web","Unknown","10","148"
"2","Accepted_ride","web","18-24","16","418"
"2","Accepted_ride","android","Unknown","20","122"
"2","Accepted_ride","web","18-24","09","442"
"2","Accepted_ride","android","Unknown","21","114"
"2","Accepted_ride","web","18-24","08","455"
"2","Accepted_ride","ios","25-34","00","111"
"2","Accepted_ride","android","45-54","11","149"
"2","Accepted_ride","web","Unknown","13","146"
"2","Accepted_ride","android","45-54","15","138"
"2","Accepted_ride","ios","25-34","05","117"
"2","Accepted_ride","ios","25-34","06","108"
"2","Accepted_ride","web","Unknown","12","134"
"2","Accepted_ride","web","Unknown","11","130"
"2","Accepted_ride","android","35-44","05","109"
"2","Accepted_ride","web","18-24","19","300"
"2","Accepted_ride","web","Unknown","14","133"
"2","Accepted_ride","ios","45-54","20","103"
"2","Accepted_ride","android","Unknown","07","100"
"2","Accepted_ride","android","35-44","07","100"
"2","Accepted_ride","android","Unknown","02","102"
"2","Accepted_ride","android","35-44","06","98"
"2","Accepted_ride","android","35-44","00","97"
"2","Accepted_ride","web","45-54","16","356"
"2","Accepted_ride","web","45-54","08","353"
"2","Accepted_ride","web","18-24","18","306"
"2","Accepted_ride","web","Unknown","15","123"
"2","Accepted_ride","android","Unknown","06","96"
"2","Accepted_ride","web","45-54","17","340"
"2","Accepted_ride","android","35-44","20","98"
"2","Accepted_ride","android","Unknown","22","94"
"2","Accepted_ride","android","35-44","03","92"
"2","Accepted_ride","web","45-54","09","340"
"2","Accepted_ride","ios","18-24","20","94"
"2","Accepted_ride","android","35-44","22","91"
"2","Accepted_ride","android","Unknown","03","90"
"2","Accepted_ride","android","35-44","04","89"
"2","Accepted_ride","android","Unknown","01","85"
"2","Accepted_ride","web","45-54","18","240"
"2","Accepted_ride","android","Unknown","05","86"
"2","Accepted_ride","android","Unknown","00","85"
"2","Accepted_ride","web","45-54","19","229"
"2","Accepted_ride","android","Unknown","04","87"
"2","Accepted_ride","android","Unknown","23","85"
"2","Accepted_ride","web","25-34","14","106"
"2","Accepted_ride","web","25-34","11","101"
"2","Accepted_ride","android","35-44","01","80"
"2","Accepted_ride","ios","18-24","22","77"
"2","Accepted_ride","web","25-34","10","103"
"2","Accepted_ride","android","25-34","20","78"
"2","Accepted_ride","android","35-44","23","75"
"2","Accepted_ride","ios","18-24","01","75"
"2","Accepted_ride","ios","45-54","22","76"
"2","Accepted_ride","android","35-44","02","72"
"2","Accepted_ride","ios","18-24","04","76"
"2","Accepted_ride","ios","45-54","01","75"
"2","Accepted_ride","web","25-34","12","97"
"2","Accepted_ride","ios","45-54","23","71"
"2","Accepted_ride","ios","18-24","07","70"
"2","Accepted_ride","android","25-34","02","72"
"2","Accepted_ride","android","25-34","23","71"
"2","Accepted_ride","ios","45-54","05","69"
"2","Accepted_ride","ios","18-24","00","66"
"2","Accepted_ride","web","25-34","13","81"
"2","Accepted_ride","ios","18-24","05","65"
"2","Accepted_ride","ios","45-54","02","67"
"2","Accepted_ride","android","25-34","07","67"
"2","Accepted_ride","ios","18-24","03","64"
"2","Accepted_ride","ios","45-54","07","66"
"2","Accepted_ride","ios","18-24","02","64"
"2","Accepted_ride","ios","45-54","21","64"
"2","Accepted_ride","ios","45-54","04","62"
"2","Accepted_ride","android","25-34","01","61"
"2","Accepted_ride","ios","45-54","00","61"
"2","Accepted_ride","web","25-34","15","69"
"2","Accepted_ride","android","25-34","21","60"
"2","Accepted_ride","android","25-34","04","57"
"2","Accepted_ride","android","25-34","06","62"
"2","Accepted_ride","ios","18-24","23","60"
"2","Accepted_ride","web","18-24","10","81"
"2","Accepted_ride","android","25-34","22","55"
"2","Accepted_ride","android","25-34","00","55"
"2","Accepted_ride","ios","18-24","21","54"
"2","Accepted_ride","web","18-24","13","71"
"2","Accepted_ride","ios","45-54","03","53"
"2","Accepted_ride","android","25-34","03","53"
"2","Accepted_ride","ios","18-24","06","53"
"2","Accepted_ride","android","25-34","05","48"
"2","Accepted_ride","web","18-24","11","67"
"2","Accepted_ride","web","Unknown","20","49"
"2","Accepted_ride","web","45-54","14","51"
"2","Accepted_ride","web","18-24","15","49"
"2","Accepted_ride","web","45-54","12","56"
"2","Accepted_ride","web","45-54","10","56"
"2","Accepted_ride","web","18-24","14","54"
"2","Accepted_ride","web","45-54","11","53"
"2","Accepted_ride","android","45-54","20","43"
"2","Accepted_ride","web","18-24","12","59"
"2","Accepted_ride","web","35-44","07","44"
"2","Accepted_ride","ios","45-54","06","42"
"2","Accepted_ride","android","18-24","20","41"
"2","Accepted_ride","web","35-44","00","37"
"2","Accepted_ride","android","18-24","03","40"
"2","Accepted_ride","android","18-24","22","39"
"2","Accepted_ride","web","Unknown","21","36"
"2","Accepted_ride","web","45-54","13","53"
"2","Accepted_ride","web","35-44","20","36"
"2","Accepted_ride","android","18-24","01","36"
"2","Accepted_ride","web","35-44","23","34"
"2","Accepted_ride","web","Unknown","02","33"
"2","Accepted_ride","web","35-44","04","35"
"2","Accepted_ride","android","18-24","06","35"
"2","Accepted_ride","web","35-44","22","34"
"2","Accepted_ride","web","Unknown","05","34"
"2","Accepted_ride","android","45-54","22","34"
"2","Accepted_ride","web","35-44","21","33"
"2","Accepted_ride","android","45-54","01","33"
"2","Accepted_ride","web","35-44","05","35"
"2","Accepted_ride","web","Unknown","22","34"
"2","Accepted_ride","android","45-54","00","32"
"2","Accepted_ride","android","45-54","05","31"
"2","Accepted_ride","android","18-24","00","31"
"2","Accepted_ride","web","45-54","15","37"
"2","Accepted_ride","web","35-44","01","33"
"2","Accepted_ride","web","35-44","06","32"
"2","Accepted_ride","android","45-54","06","31"
"2","Accepted_ride","android","45-54","02","30"
"2","Accepted_ride","web","35-44","03","31"
"2","Accepted_ride","web","Unknown","01","28"
"2","Accepted_ride","android","18-24","07","32"
"2","Accepted_ride","web","Unknown","00","30"
"2","Accepted_ride","android","18-24","05","30"
"2","Accepted_ride","android","18-24","21","30"
"2","Accepted_ride","web","35-44","02","29"
"2","Accepted_ride","android","18-24","23","27"
"2","Accepted_ride","android","45-54","07","28"
"2","Accepted_ride","android","18-24","02","27"
"2","Accepted_ride","android","45-54","04","25"
"2","Accepted_ride","web","Unknown","23","25"
"2","Accepted_ride","android","45-54","03","26"
"2","Accepted_ride","android","45-54","21","27"
"2","Accepted_ride","android","45-54","23","24"
"2","Accepted_ride","android","18-24","04","24"
"2","Accepted_ride","web","Unknown","06","23"
"2","Accepted_ride","web","Unknown","07","22"
"2","Accepted_ride","web","25-34","04","22"
"2","Accepted_ride","web","25-34","02","21"
"2","Accepted_ride","web","25-34","01","20"
"2","Accepted_ride","web","25-34","23","20"
"2","Accepted_ride","web","45-54","20","20"
"2","Accepted_ride","web","18-24","23","20"
"2","Accepted_ride","web","25-34","00","19"
"2","Accepted_ride","web","25-34","20","18"
"2","Accepted_ride","web","Unknown","03","18"
"2","Accepted_ride","web","Unknown","04","17"
"2","Accepted_ride","web","25-34","05","15"
"2","Accepted_ride","web","25-34","06","15"
"2","Accepted_ride","web","25-34","03","15"
"2","Accepted_ride","web","18-24","01","15"
"2","Accepted_ride","web","45-54","03","14"
"2","Accepted_ride","web","45-54","22","13"
"2","Accepted_ride","web","25-34","07","12"
"2","Accepted_ride","web","25-34","21","12"
"2","Accepted_ride","web","18-24","02","12"
"2","Accepted_ride","web","45-54","06","12"
"2","Accepted_ride","web","18-24","05","11"
"2","Accepted_ride","web","18-24","20","11"
"2","Accepted_ride","web","45-54","02","10"
"2","Accepted_ride","web","25-34","22","10"
"2","Accepted_ride","web","18-24","07","10"
"2","Accepted_ride","web","45-54","00","9"
"2","Accepted_ride","web","45-54","05","9"
"2","Accepted_ride","web","18-24","03","8"
"2","Accepted_ride","web","18-24","00","8"
"2","Accepted_ride","web","18-24","04","8"
"2","Accepted_ride","web","18-24","22","8"
"2","Accepted_ride","web","18-24","06","8"
"2","Accepted_ride","web","18-24","21","7"
"2","Accepted_ride","web","45-54","23","6"
"2","Accepted_ride","web","45-54","21","6"
"2","Accepted_ride","web","45-54","01","5"
"2","Accepted_ride","web","45-54","04","3"
"2","Accepted_ride","web","45-54","07","3"
"3","Completed_ride","ios","35-44","09","6295"
"3","Completed_ride","ios","35-44","08","6186"
"3","Completed_ride","ios","Unknown","16","6141"
"3","Completed_ride","ios","Unknown","08","6251"
"3","Completed_ride","ios","Unknown","09","6220"
"3","Completed_ride","ios","35-44","17","6085"
"3","Completed_ride","ios","Unknown","17","5937"
"3","Completed_ride","ios","35-44","16","6047"
"3","Completed_ride","ios","35-44","18","4177"
"3","Completed_ride","ios","35-44","19","4153"
"3","Completed_ride","ios","Unknown","18","4131"
"3","Completed_ride","ios","Unknown","19","4055"
"3","Completed_ride","ios","25-34","17","4258"
"3","Completed_ride","ios","25-34","08","4281"
"3","Completed_ride","ios","25-34","16","4108"
"3","Completed_ride","ios","25-34","09","4254"
"3","Completed_ride","ios","25-34","18","2794"
"3","Completed_ride","ios","25-34","19","2849"
"3","Completed_ride","ios","Unknown","10","904"
"3","Completed_ride","ios","35-44","15","880"
"3","Completed_ride","ios","35-44","10","912"
"3","Completed_ride","ios","Unknown","15","845"
"3","Completed_ride","ios","Unknown","13","799"
"3","Completed_ride","ios","Unknown","12","814"
"3","Completed_ride","ios","35-44","14","834"
"3","Completed_ride","ios","Unknown","14","809"
"3","Completed_ride","ios","35-44","11","782"
"3","Completed_ride","ios","35-44","12","807"
"3","Completed_ride","ios","35-44","13","789"
"3","Completed_ride","android","Unknown","17","3004"
"3","Completed_ride","ios","Unknown","11","764"
"3","Completed_ride","android","Unknown","08","3115"
"3","Completed_ride","android","Unknown","16","2981"
"3","Completed_ride","android","Unknown","09","3030"
"3","Completed_ride","android","35-44","08","2966"
"3","Completed_ride","android","35-44","17","2882"
"3","Completed_ride","android","35-44","09","3019"
"3","Completed_ride","android","Unknown","19","2097"
"3","Completed_ride","android","35-44","16","3014"
"3","Completed_ride","android","Unknown","18","2097"
"3","Completed_ride","android","35-44","18","2057"
"3","Completed_ride","android","35-44","19","2032"
"3","Completed_ride","ios","25-34","15","633"
"3","Completed_ride","ios","25-34","13","599"
"3","Completed_ride","ios","25-34","11","584"
"3","Completed_ride","ios","18-24","08","2353"
"3","Completed_ride","ios","18-24","16","2309"
"3","Completed_ride","ios","18-24","09","2213"
"3","Completed_ride","ios","25-34","10","624"
"3","Completed_ride","ios","18-24","17","2255"
"3","Completed_ride","ios","18-24","19","1519"
"3","Completed_ride","ios","18-24","18","1499"
"3","Completed_ride","ios","45-54","09","2300"
"3","Completed_ride","ios","45-54","17","2135"
"3","Completed_ride","ios","25-34","12","560"
"3","Completed_ride","ios","45-54","08","2172"
"3","Completed_ride","ios","45-54","16","2155"
"3","Completed_ride","ios","45-54","18","1514"
"3","Completed_ride","ios","45-54","19","1388"
"3","Completed_ride","ios","25-34","14","496"
"3","Completed_ride","android","25-34","08","2010"
"3","Completed_ride","android","25-34","09","2104"
"3","Completed_ride","android","25-34","16","1950"
"3","Completed_ride","android","25-34","17","1860"
"3","Completed_ride","android","25-34","18","1366"
"3","Completed_ride","android","25-34","19","1267"
"3","Completed_ride","android","Unknown","15","434"
"3","Completed_ride","android","35-44","10","451"
"3","Completed_ride","android","Unknown","10","444"
"3","Completed_ride","android","35-44","13","438"
"3","Completed_ride","android","Unknown","13","425"
"3","Completed_ride","android","Unknown","14","408"
"3","Completed_ride","android","35-44","11","415"
"3","Completed_ride","android","Unknown","11","422"
"3","Completed_ride","android","35-44","14","416"
"3","Completed_ride","android","Unknown","12","399"
"3","Completed_ride","android","35-44","12","385"
"3","Completed_ride","android","35-44","15","391"
"3","Completed_ride","ios","18-24","10","355"
"3","Completed_ride","ios","45-54","12","341"
"3","Completed_ride","ios","18-24","11","312"
"3","Completed_ride","ios","45-54","10","343"
"3","Completed_ride","ios","18-24","14","326"
"3","Completed_ride","ios","35-44","20","252"
"3","Completed_ride","ios","Unknown","20","241"
"3","Completed_ride","ios","45-54","14","311"
"3","Completed_ride","ios","45-54","13","301"
"3","Completed_ride","ios","45-54","11","295"
"3","Completed_ride","ios","18-24","13","274"
"3","Completed_ride","ios","18-24","12","286"
"3","Completed_ride","web","35-44","08","1191"
"3","Completed_ride","web","35-44","09","1147"
"3","Completed_ride","ios","18-24","15","269"
"3","Completed_ride","web","35-44","16","1080"
"3","Completed_ride","android","25-34","14","289"
"3","Completed_ride","web","35-44","17","1089"
"3","Completed_ride","web","35-44","19","797"
"3","Completed_ride","web","35-44","18","740"
"3","Completed_ride","android","25-34","10","291"
"3","Completed_ride","android","18-24","08","1119"
"3","Completed_ride","android","18-24","09","1043"
"3","Completed_ride","android","18-24","17","1027"
"3","Completed_ride","android","25-34","11","270"
"3","Completed_ride","ios","45-54","15","265"
"3","Completed_ride","android","18-24","16","965"
"3","Completed_ride","android","18-24","19","707"
"3","Completed_ride","android","18-24","18","687"
"3","Completed_ride","ios","35-44","05","196"
"3","Completed_ride","android","25-34","15","249"
"3","Completed_ride","android","45-54","17","997"
"3","Completed_ride","android","45-54","16","991"
"3","Completed_ride","android","45-54","09","1019"
"3","Completed_ride","android","45-54","08","967"
"3","Completed_ride","android","45-54","19","672"
"3","Completed_ride","android","45-54","18","670"
"3","Completed_ride","android","25-34","13","242"
"3","Completed_ride","web","Unknown","08","995"
"3","Completed_ride","web","Unknown","16","995"
"3","Completed_ride","web","Unknown","09","1018"
"3","Completed_ride","web","Unknown","17","967"
"3","Completed_ride","android","25-34","12","239"
"3","Completed_ride","web","Unknown","19","666"
"3","Completed_ride","web","Unknown","18","644"
"3","Completed_ride","ios","35-44","01","179"
"3","Completed_ride","ios","Unknown","05","175"
"3","Completed_ride","ios","Unknown","04","179"
"3","Completed_ride","ios","Unknown","02","178"
"3","Completed_ride","ios","Unknown","06","175"
"3","Completed_ride","ios","Unknown","22","172"
"3","Completed_ride","ios","35-44","21","175"
"3","Completed_ride","ios","35-44","07","164"
"3","Completed_ride","ios","Unknown","23","165"
"3","Completed_ride","ios","Unknown","07","167"
"3","Completed_ride","ios","Unknown","03","165"
"3","Completed_ride","ios","35-44","06","168"
"3","Completed_ride","ios","35-44","04","163"
"3","Completed_ride","ios","35-44","02","157"
"3","Completed_ride","ios","35-44","23","163"
"3","Completed_ride","ios","25-34","20","163"
"3","Completed_ride","ios","35-44","00","158"
"3","Completed_ride","ios","35-44","03","155"
"3","Completed_ride","ios","Unknown","00","155"
"3","Completed_ride","ios","Unknown","01","152"
"3","Completed_ride","ios","35-44","22","148"
"3","Completed_ride","ios","Unknown","21","147"
"3","Completed_ride","ios","25-34","21","134"
"3","Completed_ride","android","18-24","10","172"
"3","Completed_ride","web","35-44","10","172"
"3","Completed_ride","android","18-24","13","155"
"3","Completed_ride","ios","25-34","07","123"
"3","Completed_ride","web","35-44","11","155"
"3","Completed_ride","ios","25-34","03","116"
"3","Completed_ride","android","18-24","12","146"
"3","Completed_ride","web","25-34","08","655"
"3","Completed_ride","web","25-34","17","598"
"3","Completed_ride","web","35-44","12","156"
"3","Completed_ride","ios","25-34","23","114"
"3","Completed_ride","ios","25-34","01","114"
"3","Completed_ride","web","25-34","09","592"
"3","Completed_ride","web","25-34","16","585"
"3","Completed_ride","web","25-34","18","412"
"3","Completed_ride","web","35-44","13","139"
"3","Completed_ride","ios","25-34","04","114"
"3","Completed_ride","web","35-44","14","153"
"3","Completed_ride","android","35-44","21","109"
"3","Completed_ride","android","45-54","10","156"
"3","Completed_ride","web","35-44","15","147"
"3","Completed_ride","web","25-34","19","371"
"3","Completed_ride","ios","25-34","02","104"
"3","Completed_ride","android","45-54","14","147"
"3","Completed_ride","android","18-24","14","140"
"3","Completed_ride","ios","25-34","00","105"
"3","Completed_ride","android","45-54","12","139"
"3","Completed_ride","android","18-24","15","139"
"3","Completed_ride","android","18-24","11","129"
"3","Completed_ride","web","Unknown","10","135"
"3","Completed_ride","ios","25-34","22","103"
"3","Completed_ride","android","Unknown","20","109"
"3","Completed_ride","android","45-54","13","137"
"3","Completed_ride","web","Unknown","11","124"
"3","Completed_ride","android","35-44","05","103"
"3","Completed_ride","ios","25-34","05","105"
"3","Completed_ride","android","Unknown","21","98"
"3","Completed_ride","ios","25-34","06","95"
"3","Completed_ride","android","45-54","11","133"
"3","Completed_ride","web","Unknown","12","121"
"3","Completed_ride","web","Unknown","13","130"
"3","Completed_ride","android","45-54","15","120"
"3","Completed_ride","web","Unknown","14","120"
"3","Completed_ride","android","Unknown","06","91"
"3","Completed_ride","android","35-44","00","90"
"3","Completed_ride","android","Unknown","02","92"
"3","Completed_ride","android","35-44","06","88"
"3","Completed_ride","android","35-44","07","87"
"3","Completed_ride","android","Unknown","07","86"
"3","Completed_ride","android","35-44","20","89"
"3","Completed_ride","ios","45-54","20","87"
"3","Completed_ride","web","Unknown","15","110"
"3","Completed_ride","android","35-44","22","83"
"3","Completed_ride","ios","18-24","20","85"
"3","Completed_ride","android","35-44","03","82"
"3","Completed_ride","android","Unknown","01","78"
"3","Completed_ride","android","Unknown","22","83"
"3","Completed_ride","android","35-44","04","80"
"3","Completed_ride","android","Unknown","03","79"
"3","Completed_ride","android","Unknown","04","80"
"3","Completed_ride","android","Unknown","05","76"
"3","Completed_ride","web","18-24","16","370"
"3","Completed_ride","web","18-24","17","367"
"3","Completed_ride","web","18-24","19","272"
"3","Completed_ride","android","Unknown","23","77"
"3","Completed_ride","android","Unknown","00","74"
"3","Completed_ride","web","18-24","08","410"
"3","Completed_ride","web","18-24","09","387"
"3","Completed_ride","web","25-34","11","93"
"3","Completed_ride","ios","18-24","22","71"
"3","Completed_ride","web","18-24","18","273"
"3","Completed_ride","android","35-44","01","71"
"3","Completed_ride","android","35-44","02","68"
"3","Completed_ride","android","25-34","20","71"
"3","Completed_ride","web","25-34","14","90"
"3","Completed_ride","ios","45-54","22","69"
"3","Completed_ride","ios","45-54","01","69"
"3","Completed_ride","web","25-34","10","93"
"3","Completed_ride","ios","18-24","04","69"
"3","Completed_ride","ios","18-24","01","66"
"3","Completed_ride","android","35-44","23","65"
"3","Completed_ride","ios","18-24","07","65"
"3","Completed_ride","ios","18-24","00","62"
"3","Completed_ride","android","25-34","23","64"
"3","Completed_ride","ios","18-24","02","63"
"3","Completed_ride","ios","45-54","23","62"
"3","Completed_ride","android","25-34","02","63"
"3","Completed_ride","android","25-34","07","62"
"3","Completed_ride","web","25-34","12","85"
"3","Completed_ride","web","25-34","13","74"
"3","Completed_ride","ios","45-54","05","61"
"3","Completed_ride","ios","18-24","05","58"
"3","Completed_ride","web","45-54","16","310"
"3","Completed_ride","web","45-54","08","302"
"3","Completed_ride","web","45-54","09","299"
"3","Completed_ride","web","45-54","17","296"
"3","Completed_ride","web","45-54","19","196"
"3","Completed_ride","ios","45-54","02","60"
"3","Completed_ride","ios","18-24","03","57"
"3","Completed_ride","web","45-54","18","202"
"3","Completed_ride","ios","45-54","21","58"
"3","Completed_ride","ios","45-54","04","56"
"3","Completed_ride","android","25-34","04","55"
"3","Completed_ride","android","25-34","01","55"
"3","Completed_ride","ios","45-54","07","58"
"3","Completed_ride","android","25-34","06","58"
"3","Completed_ride","ios","18-24","23","55"
"3","Completed_ride","web","18-24","10","75"
"3","Completed_ride","android","25-34","00","51"
"3","Completed_ride","android","25-34","22","50"
"3","Completed_ride","android","25-34","21","52"
"3","Completed_ride","ios","45-54","00","51"
"3","Completed_ride","web","25-34","15","60"
"3","Completed_ride","ios","18-24","06","49"
"3","Completed_ride","ios","45-54","03","49"
"3","Completed_ride","ios","18-24","21","47"
"3","Completed_ride","web","18-24","13","64"
"3","Completed_ride","web","Unknown","20","48"
"3","Completed_ride","android","25-34","03","46"
"3","Completed_ride","web","18-24","11","63"
"3","Completed_ride","android","25-34","05","43"
"3","Completed_ride","web","18-24","15","47"
"3","Completed_ride","android","18-24","20","40"
"3","Completed_ride","web","45-54","14","45"
"3","Completed_ride","web","35-44","07","40"
"3","Completed_ride","web","18-24","14","48"
"3","Completed_ride","android","45-54","20","37"
"3","Completed_ride","web","18-24","12","52"
"3","Completed_ride","web","45-54","12","49"
"3","Completed_ride","android","18-24","22","37"
"3","Completed_ride","web","45-54","11","45"
"3","Completed_ride","web","35-44","20","34"
"3","Completed_ride","web","35-44","23","33"
"3","Completed_ride","web","35-44","00","33"
"3","Completed_ride","web","45-54","13","50"
"3","Completed_ride","web","45-54","10","46"
"3","Completed_ride","web","Unknown","21","32"
"3","Completed_ride","android","18-24","03","35"
"3","Completed_ride","ios","45-54","06","33"
"3","Completed_ride","android","18-24","01","33"
"3","Completed_ride","web","35-44","04","33"
"3","Completed_ride","web","35-44","22","32"
"3","Completed_ride","web","Unknown","05","31"
"3","Completed_ride","web","35-44","21","31"
"3","Completed_ride","android","45-54","00","31"
"3","Completed_ride","web","35-44","01","32"
"3","Completed_ride","android","18-24","06","31"
"3","Completed_ride","android","45-54","05","29"
"3","Completed_ride","android","18-24","00","29"
"3","Completed_ride","web","Unknown","02","28"
"3","Completed_ride","web","35-44","05","32"
"3","Completed_ride","web","Unknown","22","31"
"3","Completed_ride","android","45-54","22","30"
"3","Completed_ride","android","45-54","01","29"
"3","Completed_ride","web","45-54","15","33"
"3","Completed_ride","android","18-24","05","28"
"3","Completed_ride","web","35-44","03","28"
"3","Completed_ride","web","35-44","06","28"
"3","Completed_ride","android","45-54","06","27"
"3","Completed_ride","android","18-24","23","26"
"3","Completed_ride","web","Unknown","01","25"
"3","Completed_ride","android","18-24","07","29"
"3","Completed_ride","android","45-54","04","24"
"3","Completed_ride","android","45-54","03","25"
"3","Completed_ride","android","45-54","02","24"
"3","Completed_ride","web","Unknown","23","23"
"3","Completed_ride","android","18-24","21","26"
"3","Completed_ride","web","35-44","02","25"
"3","Completed_ride","android","18-24","02","24"
"3","Completed_ride","android","18-24","04","23"
"3","Completed_ride","android","45-54","21","25"
"3","Completed_ride","web","Unknown","00","24"
"3","Completed_ride","android","45-54","23","22"
"3","Completed_ride","android","45-54","07","23"
"3","Completed_ride","web","Unknown","07","21"
"3","Completed_ride","web","25-34","04","20"
"3","Completed_ride","web","25-34","01","20"
"3","Completed_ride","web","25-34","02","19"
"3","Completed_ride","web","Unknown","06","19"
"3","Completed_ride","web","25-34","23","19"
"3","Completed_ride","web","45-54","20","17"
"3","Completed_ride","web","18-24","23","16"
"3","Completed_ride","web","Unknown","03","16"
"3","Completed_ride","web","25-34","03","14"
"3","Completed_ride","web","25-34","05","14"
"3","Completed_ride","web","25-34","00","16"
"3","Completed_ride","web","25-34","20","15"
"3","Completed_ride","web","18-24","01","14"
"3","Completed_ride","web","25-34","06","13"
"3","Completed_ride","web","Unknown","04","14"
"3","Completed_ride","web","45-54","03","12"
"3","Completed_ride","web","18-24","02","11"
"3","Completed_ride","web","45-54","22","11"
"3","Completed_ride","web","25-34","07","10"
"3","Completed_ride","web","45-54","05","9"
"3","Completed_ride","web","45-54","00","9"
"3","Completed_ride","web","18-24","05","9"
"3","Completed_ride","web","18-24","20","9"
"3","Completed_ride","web","45-54","06","9"
"3","Completed_ride","web","18-24","06","8"
"3","Completed_ride","web","18-24","04","8"
"3","Completed_ride","web","25-34","21","8"
"3","Completed_ride","web","45-54","02","8"
"3","Completed_ride","web","18-24","22","8"
"3","Completed_ride","web","25-34","22","8"
"3","Completed_ride","web","18-24","07","8"
"3","Completed_ride","web","18-24","03","7"
"3","Completed_ride","web","18-24","00","7"
"3","Completed_ride","web","45-54","23","6"
"3","Completed_ride","web","18-24","21","6"
"3","Completed_ride","web","45-54","01","5"
"3","Completed_ride","web","45-54","21","4"
"3","Completed_ride","web","45-54","07","3"
"3","Completed_ride","web","45-54","04","2"
"3","Completed_ride","ios","25-34","","0"
"3","Completed_ride","web","25-34","","0"
"3","Completed_ride","web","18-24","","0"
"3","Completed_ride","web","35-44","","0"
"3","Completed_ride","ios","","","0"
"3","Completed_ride","ios","Unknown","","0"
"3","Completed_ride","ios","45-54","","0"
"3","Completed_ride","ios","35-44","","0"
"3","Completed_ride","web","45-54","","0"
"3","Completed_ride","android","18-24","","0"
"3","Completed_ride","ios","18-24","","0"
"3","Completed_ride","android","","","0"
"3","Completed_ride","android","Unknown","","0"
"3","Completed_ride","android","45-54","","0"
"3","Completed_ride","android","35-44","","0"
"3","Completed_ride","web","Unknown","","0"
"3","Completed_ride","web","","","0"
"3","Completed_ride","android","25-34","","0"
"4","Payment","ios","35-44","09","5953"
"4","Payment","ios","Unknown","16","5820"
"4","Payment","ios","Unknown","09","5930"
"4","Payment","ios","35-44","08","5884"
"4","Payment","ios","Unknown","08","5972"
"4","Payment","ios","35-44","17","5777"
"4","Payment","ios","Unknown","17","5656"
"4","Payment","ios","35-44","16","5746"
"4","Payment","ios","35-44","18","3960"
"4","Payment","ios","35-44","19","3936"
"4","Payment","ios","Unknown","18","3914"
"4","Payment","ios","Unknown","19","3851"
"4","Payment","ios","25-34","17","4042"
"4","Payment","ios","25-34","16","3904"
"4","Payment","ios","25-34","08","4095"
"4","Payment","ios","25-34","09","4019"
"4","Payment","ios","25-34","18","2667"
"4","Payment","ios","25-34","19","2704"
"4","Payment","ios","Unknown","10","855"
"4","Payment","ios","35-44","15","843"
"4","Payment","ios","35-44","10","863"
"4","Payment","ios","Unknown","15","793"
"4","Payment","ios","Unknown","12","768"
"4","Payment","android","Unknown","17","2866"
"4","Payment","ios","35-44","14","795"
"4","Payment","ios","Unknown","13","757"
"4","Payment","ios","35-44","11","747"
"4","Payment","android","Unknown","16","2851"
"4","Payment","android","Unknown","08","2955"
"4","Payment","ios","35-44","12","774"
"4","Payment","ios","Unknown","14","768"
"4","Payment","android","Unknown","09","2872"
"4","Payment","android","35-44","17","2755"
"4","Payment","android","35-44","09","2878"
"4","Payment","ios","Unknown","11","733"
"4","Payment","android","35-44","08","2802"
"4","Payment","android","Unknown","19","1993"
"4","Payment","ios","35-44","13","743"
"4","Payment","android","35-44","16","2882"
"4","Payment","android","Unknown","18","2006"
"4","Payment","android","35-44","19","1936"
"4","Payment","android","35-44","18","1942"
"4","Payment","ios","25-34","15","585"
"4","Payment","ios","18-24","16","2199"
"4","Payment","ios","18-24","08","2247"
"4","Payment","ios","25-34","13","571"
"4","Payment","ios","18-24","09","2085"
"4","Payment","ios","18-24","17","2162"
"4","Payment","ios","18-24","19","1459"
"4","Payment","ios","18-24","18","1409"
"4","Payment","ios","45-54","09","2186"
"4","Payment","ios","45-54","08","2056"
"4","Payment","ios","45-54","17","2043"
"4","Payment","ios","25-34","11","557"
"4","Payment","ios","45-54","16","2047"
"4","Payment","ios","25-34","10","592"
"4","Payment","ios","45-54","18","1434"
"4","Payment","ios","45-54","19","1318"
"4","Payment","ios","25-34","12","527"
"4","Payment","android","25-34","08","1924"
"4","Payment","android","25-34","09","1982"
"4","Payment","android","25-34","16","1849"
"4","Payment","android","25-34","17","1762"
"4","Payment","ios","25-34","14","472"
"4","Payment","android","25-34","18","1292"
"4","Payment","android","25-34","19","1196"
"4","Payment","android","Unknown","15","408"
"4","Payment","android","35-44","10","424"
"4","Payment","android","35-44","13","423"
"4","Payment","android","Unknown","10","418"
"4","Payment","android","35-44","11","393"
"4","Payment","android","Unknown","13","399"
"4","Payment","android","Unknown","14","382"
"4","Payment","android","Unknown","11","397"
"4","Payment","android","35-44","14","391"
"4","Payment","android","Unknown","12","386"
"4","Payment","android","35-44","15","374"
"4","Payment","android","35-44","12","373"
"4","Payment","ios","18-24","10","343"
"4","Payment","ios","18-24","11","300"
"4","Payment","ios","45-54","12","326"
"4","Payment","ios","45-54","10","328"
"4","Payment","ios","18-24","14","312"
"4","Payment","ios","45-54","14","301"
"4","Payment","ios","Unknown","20","229"
"4","Payment","ios","35-44","20","238"
"4","Payment","ios","45-54","13","287"
"4","Payment","web","35-44","08","1138"
"4","Payment","web","35-44","09","1090"
"4","Payment","web","35-44","16","1028"
"4","Payment","ios","45-54","11","281"
"4","Payment","web","35-44","19","756"
"4","Payment","web","35-44","17","1037"
"4","Payment","android","25-34","14","279"
"4","Payment","ios","18-24","13","262"
"4","Payment","ios","18-24","12","273"
"4","Payment","ios","18-24","15","258"
"4","Payment","web","35-44","18","707"
"4","Payment","android","18-24","08","1061"
"4","Payment","android","18-24","09","997"
"4","Payment","android","18-24","17","980"
"4","Payment","android","18-24","16","928"
"4","Payment","android","25-34","10","274"
"4","Payment","android","18-24","18","658"
"4","Payment","android","18-24","19","669"
"4","Payment","android","25-34","11","258"
"4","Payment","android","45-54","16","940"
"4","Payment","android","45-54","17","930"
"4","Payment","android","45-54","09","971"
"4","Payment","ios","45-54","15","249"
"4","Payment","android","25-34","15","242"
"4","Payment","android","45-54","08","913"
"4","Payment","android","45-54","19","637"
"4","Payment","ios","35-44","05","189"
"4","Payment","web","Unknown","16","942"
"4","Payment","android","45-54","18","633"
"4","Payment","web","Unknown","09","970"
"4","Payment","web","Unknown","08","961"
"4","Payment","web","Unknown","17","930"
"4","Payment","web","Unknown","18","626"
"4","Payment","android","25-34","13","222"
"4","Payment","web","Unknown","19","634"
"4","Payment","android","25-34","12","229"
"4","Payment","ios","Unknown","04","177"
"4","Payment","ios","35-44","01","171"
"4","Payment","ios","Unknown","02","171"
"4","Payment","ios","Unknown","05","167"
"4","Payment","ios","Unknown","22","165"
"4","Payment","ios","Unknown","06","163"
"4","Payment","ios","35-44","21","164"
"4","Payment","ios","35-44","07","153"
"4","Payment","ios","Unknown","03","159"
"4","Payment","ios","Unknown","23","153"
"4","Payment","ios","Unknown","07","156"
"4","Payment","ios","35-44","23","156"
"4","Payment","ios","25-34","20","157"
"4","Payment","ios","35-44","04","152"
"4","Payment","ios","35-44","00","150"
"4","Payment","ios","35-44","03","147"
"4","Payment","ios","35-44","02","145"
"4","Payment","ios","35-44","06","151"
"4","Payment","ios","Unknown","00","146"
"4","Payment","ios","Unknown","01","144"
"4","Payment","ios","Unknown","21","138"
"4","Payment","ios","35-44","22","137"
"4","Payment","ios","25-34","21","129"
"4","Payment","android","18-24","10","162"
"4","Payment","web","35-44","10","159"
"4","Payment","ios","25-34","07","120"
"4","Payment","android","18-24","13","145"
"4","Payment","web","35-44","11","145"
"4","Payment","web","25-34","17","564"
"4","Payment","web","25-34","08","621"
"4","Payment","web","25-34","09","566"
"4","Payment","web","25-34","16","554"
"4","Payment","web","35-44","12","154"
"4","Payment","android","18-24","12","137"
"4","Payment","web","25-34","18","393"
"4","Payment","ios","25-34","03","108"
"4","Payment","web","35-44","13","135"
"4","Payment","web","35-44","15","144"
"4","Payment","ios","25-34","23","109"
"4","Payment","web","25-34","19","355"
"4","Payment","ios","25-34","01","109"
"4","Payment","android","45-54","10","151"
"4","Payment","web","35-44","14","145"
"4","Payment","ios","25-34","04","108"
"4","Payment","android","45-54","14","141"
"4","Payment","android","45-54","12","134"
"4","Payment","android","35-44","21","103"
"4","Payment","android","18-24","15","137"
"4","Payment","android","18-24","14","133"
"4","Payment","ios","25-34","02","100"
"4","Payment","ios","25-34","00","101"
"4","Payment","ios","25-34","22","101"
"4","Payment","android","18-24","11","122"
"4","Payment","android","45-54","13","132"
"4","Payment","web","Unknown","10","129"
"4","Payment","android","35-44","05","101"
"4","Payment","web","Unknown","11","119"
"4","Payment","android","Unknown","20","102"
"4","Payment","ios","25-34","05","101"
"4","Payment","android","Unknown","21","94"
"4","Payment","ios","25-34","06","90"
"4","Payment","android","45-54","11","126"
"4","Payment","web","Unknown","12","116"
"4","Payment","web","Unknown","13","125"
"4","Payment","android","45-54","15","114"
"4","Payment","web","Unknown","14","110"
"4","Payment","android","Unknown","02","91"
"4","Payment","android","Unknown","06","88"
"4","Payment","android","35-44","07","85"
"4","Payment","android","35-44","00","85"
"4","Payment","android","35-44","06","85"
"4","Payment","android","35-44","20","85"
"4","Payment","ios","45-54","20","82"
"4","Payment","web","Unknown","15","102"
"4","Payment","android","35-44","03","80"
"4","Payment","android","Unknown","03","79"
"4","Payment","ios","18-24","20","82"
"4","Payment","android","Unknown","22","78"
"4","Payment","android","35-44","04","77"
"4","Payment","android","Unknown","07","77"
"4","Payment","android","Unknown","01","75"
"4","Payment","android","35-44","22","77"
"4","Payment","web","18-24","17","349"
"4","Payment","web","18-24","16","347"
"4","Payment","web","18-24","19","260"
"4","Payment","web","18-24","08","397"
"4","Payment","web","18-24","09","369"
"4","Payment","android","Unknown","05","73"
"4","Payment","android","Unknown","00","73"
"4","Payment","android","Unknown","04","76"
"4","Payment","android","Unknown","23","75"
"4","Payment","web","18-24","18","254"
"4","Payment","ios","18-24","22","68"
"4","Payment","android","35-44","02","66"
"4","Payment","android","35-44","01","67"
"4","Payment","web","25-34","11","86"
"4","Payment","web","25-34","14","85"
"4","Payment","android","25-34","20","67"
"4","Payment","web","25-34","10","88"
"4","Payment","ios","18-24","04","68"
"4","Payment","ios","18-24","01","64"
"4","Payment","ios","45-54","01","66"
"4","Payment","ios","45-54","22","64"
"4","Payment","ios","18-24","00","61"
"4","Payment","android","35-44","23","61"
"4","Payment","ios","18-24","07","61"
"4","Payment","android","25-34","23","62"
"4","Payment","ios","45-54","23","60"
"4","Payment","android","25-34","07","60"
"4","Payment","web","45-54","16","289"
"4","Payment","web","45-54","08","288"
"4","Payment","web","45-54","09","282"
"4","Payment","web","45-54","17","280"
"4","Payment","web","45-54","19","185"
"4","Payment","android","25-34","02","59"
"4","Payment","ios","45-54","05","59"
"4","Payment","ios","18-24","05","57"
"4","Payment","ios","45-54","21","57"
"4","Payment","web","45-54","18","191"
"4","Payment","web","25-34","12","80"
"4","Payment","ios","45-54","02","57"
"4","Payment","ios","18-24","02","56"
"4","Payment","web","25-34","13","69"
"4","Payment","ios","18-24","03","54"
"4","Payment","ios","45-54","04","54"
"4","Payment","android","25-34","04","53"
"4","Payment","android","25-34","06","58"
"4","Payment","android","25-34","01","52"
"4","Payment","web","18-24","10","73"
"4","Payment","ios","45-54","07","54"
"4","Payment","ios","45-54","00","50"
"4","Payment","ios","18-24","23","50"
"4","Payment","android","25-34","22","48"
"4","Payment","android","25-34","21","49"
"4","Payment","android","25-34","00","47"
"4","Payment","ios","18-24","21","47"
"4","Payment","web","25-34","15","53"
"4","Payment","ios","18-24","06","47"
"4","Payment","web","18-24","13","62"
"4","Payment","android","25-34","03","46"
"4","Payment","ios","45-54","03","44"
"4","Payment","web","18-24","11","62"
"4","Payment","android","25-34","05","42"
"4","Payment","web","Unknown","20","43"
"4","Payment","web","18-24","15","43"
"4","Payment","android","18-24","20","39"
"4","Payment","web","18-24","14","45"
"4","Payment","web","45-54","14","44"
"4","Payment","web","18-24","12","51"
"4","Payment","android","18-24","22","37"
"4","Payment","web","35-44","07","37"
"4","Payment","web","45-54","12","47"
"4","Payment","web","35-44","20","34"
"4","Payment","web","35-44","23","33"
"4","Payment","web","45-54","13","48"
"4","Payment","android","45-54","20","34"
"4","Payment","web","35-44","00","32"
"4","Payment","web","45-54","11","41"
"4","Payment","android","18-24","01","33"
"4","Payment","android","18-24","03","33"
"4","Payment","ios","45-54","06","33"
"4","Payment","web","35-44","04","31"
"4","Payment","web","45-54","10","42"
"4","Payment","web","35-44","01","32"
"4","Payment","web","Unknown","05","30"
"4","Payment","android","45-54","00","30"
"4","Payment","web","Unknown","21","29"
"4","Payment","android","45-54","22","30"
"4","Payment","web","35-44","21","29"
"4","Payment","web","35-44","22","29"
"4","Payment","android","45-54","01","29"
"4","Payment","android","45-54","05","28"
"4","Payment","android","18-24","00","28"
"4","Payment","web","35-44","05","30"
"4","Payment","web","Unknown","02","26"
"4","Payment","android","18-24","05","28"
"4","Payment","android","18-24","06","28"
"4","Payment","android","45-54","06","27"
"4","Payment","web","Unknown","22","28"
"4","Payment","web","35-44","06","27"
"4","Payment","web","35-44","03","27"
"4","Payment","android","18-24","23","25"
"4","Payment","web","Unknown","01","24"
"4","Payment","android","45-54","04","24"
"4","Payment","android","18-24","07","27"
"4","Payment","android","45-54","02","24"
"4","Payment","android","45-54","03","23"
"4","Payment","web","Unknown","23","22"
"4","Payment","web","45-54","15","29"
"4","Payment","android","45-54","21","25"
"4","Payment","web","Unknown","00","24"
"4","Payment","android","18-24","04","22"
"4","Payment","android","18-24","21","24"
"4","Payment","web","35-44","02","23"
"4","Payment","android","18-24","02","22"
"4","Payment","android","45-54","23","21"
"4","Payment","web","Unknown","07","20"
"4","Payment","android","45-54","07","20"
"4","Payment","web","25-34","04","19"
"4","Payment","web","25-34","01","19"
"4","Payment","web","25-34","02","18"
"4","Payment","web","25-34","23","18"
"4","Payment","web","Unknown","06","18"
"4","Payment","web","45-54","20","16"
"4","Payment","web","18-24","23","16"
"4","Payment","web","25-34","05","14"
"4","Payment","web","Unknown","03","15"
"4","Payment","web","18-24","01","14"
"4","Payment","web","25-34","06","13"
"4","Payment","web","25-34","03","13"
"4","Payment","web","25-34","00","15"
"4","Payment","web","Unknown","04","14"
"4","Payment","web","25-34","20","13"
"4","Payment","web","45-54","03","12"
"4","Payment","web","18-24","02","11"
"4","Payment","web","45-54","22","10"
"4","Payment","web","45-54","05","9"
"4","Payment","web","25-34","07","9"
"4","Payment","web","18-24","05","9"
"4","Payment","web","45-54","06","9"
"4","Payment","web","18-24","20","9"
"4","Payment","web","25-34","22","8"
"4","Payment","web","45-54","02","8"
"4","Payment","web","45-54","00","8"
"4","Payment","web","18-24","04","8"
"4","Payment","web","18-24","22","8"
"4","Payment","web","18-24","06","8"
"4","Payment","web","18-24","07","8"
"4","Payment","web","25-34","21","7"
"4","Payment","web","18-24","03","7"
"4","Payment","web","18-24","00","7"
"4","Payment","web","45-54","23","6"
"4","Payment","web","18-24","21","6"
"4","Payment","web","45-54","01","4"
"4","Payment","web","45-54","21","3"
"4","Payment","web","45-54","07","3"
"4","Payment","web","45-54","04","2"
"5","Review","ios","35-44","09","4513"
"5","Review","ios","35-44","08","4391"
"5","Review","ios","35-44","16","4357"
"5","Review","ios","35-44","17","4288"
"5","Review","ios","35-44","18","2970"
"5","Review","ios","35-44","19","2979"
"5","Review","ios","Unknown","08","4321"
"5","Review","ios","Unknown","09","4206"
"5","Review","ios","Unknown","16","4143"
"5","Review","ios","Unknown","17","4033"
"5","Review","ios","Unknown","18","2803"
"5","Review","ios","Unknown","19","2737"
"5","Review","ios","25-34","17","3000"
"5","Review","ios","25-34","08","2968"
"5","Review","ios","25-34","16","2842"
"5","Review","ios","25-34","09","2929"
"5","Review","ios","25-34","18","1911"
"5","Review","ios","25-34","19","2031"
"5","Review","ios","35-44","10","660"
"5","Review","ios","35-44","15","625"
"5","Review","ios","Unknown","10","615"
"5","Review","ios","35-44","11","562"
"5","Review","ios","35-44","14","604"
"5","Review","ios","Unknown","15","576"
"5","Review","ios","35-44","12","574"
"5","Review","ios","Unknown","13","559"
"5","Review","ios","Unknown","12","572"
"5","Review","ios","35-44","13","550"
"5","Review","android","35-44","08","2107"
"5","Review","android","35-44","17","2041"
"5","Review","android","35-44","09","2178"
"5","Review","android","35-44","16","2118"
"5","Review","android","35-44","18","1473"
"5","Review","ios","Unknown","14","531"
"5","Review","ios","Unknown","11","519"
"5","Review","android","35-44","19","1439"
"5","Review","android","Unknown","17","2031"
"5","Review","android","Unknown","08","2111"
"5","Review","android","Unknown","09","2055"
"5","Review","android","Unknown","16","2057"
"5","Review","android","Unknown","18","1489"
"5","Review","android","Unknown","19","1410"
"5","Review","ios","25-34","15","444"
"5","Review","ios","18-24","08","1736"
"5","Review","ios","18-24","16","1649"
"5","Review","ios","18-24","09","1629"
"5","Review","ios","18-24","19","1128"
"5","Review","ios","18-24","17","1657"
"5","Review","ios","25-34","11","418"
"5","Review","ios","18-24","18","1087"
"5","Review","ios","25-34","13","418"
"5","Review","ios","25-34","10","440"
"5","Review","ios","45-54","09","1642"
"5","Review","ios","45-54","08","1530"
"5","Review","ios","45-54","17","1503"
"5","Review","ios","45-54","16","1497"
"5","Review","ios","45-54","18","1101"
"5","Review","ios","25-34","12","368"
"5","Review","ios","45-54","19","976"
"5","Review","ios","25-34","14","359"
"5","Review","android","25-34","16","1351"
"5","Review","android","25-34","08","1335"
"5","Review","android","25-34","09","1424"
"5","Review","android","25-34","17","1249"
"5","Review","android","25-34","18","917"
"5","Review","android","25-34","19","863"
"5","Review","android","35-44","10","334"
"5","Review","android","35-44","13","308"
"5","Review","android","Unknown","13","313"
"5","Review","android","Unknown","15","283"
"5","Review","android","35-44","11","294"
"5","Review","android","Unknown","10","292"
"5","Review","android","35-44","14","300"
"5","Review","android","Unknown","14","271"
"5","Review","android","35-44","15","294"
"5","Review","android","Unknown","12","275"
"5","Review","android","35-44","12","269"
"5","Review","android","Unknown","11","279"
"5","Review","ios","18-24","10","243"
"5","Review","ios","18-24","11","224"
"5","Review","ios","45-54","12","248"
"5","Review","ios","18-24","14","238"
"5","Review","ios","35-44","20","181"
"5","Review","ios","45-54","14","222"
"5","Review","ios","45-54","10","223"
"5","Review","ios","45-54","11","218"
"5","Review","ios","18-24","15","198"
"5","Review","ios","Unknown","20","164"
"5","Review","web","35-44","08","888"
"5","Review","web","35-44","09","851"
"5","Review","web","35-44","16","814"
"5","Review","ios","18-24","13","188"
"5","Review","web","35-44","17","811"
"5","Review","web","35-44","19","600"
"5","Review","ios","18-24","12","210"
"5","Review","ios","45-54","13","200"
"5","Review","web","35-44","18","521"
"5","Review","android","25-34","14","201"
"5","Review","android","45-54","16","743"
"5","Review","android","45-54","17","742"
"5","Review","android","45-54","09","769"
"5","Review","android","45-54","08","733"
"5","Review","android","45-54","19","511"
"5","Review","android","45-54","18","504"
"5","Review","android","25-34","10","199"
"5","Review","ios","45-54","15","187"
"5","Review","ios","35-44","05","140"
"5","Review","android","25-34","11","173"
"5","Review","android","18-24","08","749"
"5","Review","android","18-24","09","680"
"5","Review","android","18-24","17","671"
"5","Review","android","18-24","16","638"
"5","Review","android","18-24","19","469"
"5","Review","android","18-24","18","463"
"5","Review","android","25-34","15","161"
"5","Review","web","Unknown","17","660"
"5","Review","web","Unknown","08","659"
"5","Review","web","Unknown","16","657"
"5","Review","web","Unknown","09","657"
"5","Review","android","25-34","13","166"
"5","Review","android","25-34","12","153"
"5","Review","ios","Unknown","06","123"
"5","Review","ios","Unknown","05","121"
"5","Review","ios","35-44","21","127"
"5","Review","web","Unknown","18","408"
"5","Review","web","Unknown","19","442"
"5","Review","ios","35-44","03","121"
"5","Review","ios","Unknown","22","118"
"5","Review","ios","35-44","01","121"
"5","Review","ios","35-44","04","119"
"5","Review","ios","35-44","07","115"
"5","Review","ios","Unknown","04","118"
"5","Review","ios","35-44","02","109"
"5","Review","ios","Unknown","01","118"
"5","Review","ios","35-44","00","117"
"5","Review","ios","Unknown","02","112"
"5","Review","ios","Unknown","23","109"
"5","Review","ios","Unknown","07","107"
"5","Review","ios","35-44","23","112"
"5","Review","ios","25-34","20","114"
"5","Review","ios","35-44","06","111"
"5","Review","ios","Unknown","03","110"
"5","Review","ios","Unknown","00","107"
"5","Review","ios","Unknown","21","101"
"5","Review","ios","35-44","22","99"
"5","Review","web","35-44","10","133"
"5","Review","web","35-44","11","117"
"5","Review","ios","25-34","07","88"
"5","Review","ios","25-34","03","84"
"5","Review","android","18-24","10","109"
"5","Review","web","35-44","14","119"
"5","Review","web","35-44","12","108"
"5","Review","ios","25-34","23","83"
"5","Review","android","45-54","14","113"
"5","Review","android","45-54","12","105"
"5","Review","web","35-44","13","96"
"5","Review","android","35-44","05","84"
"5","Review","android","45-54","10","116"
"5","Review","web","35-44","15","109"
"5","Review","android","18-24","13","100"
"5","Review","android","18-24","12","100"
"5","Review","ios","25-34","21","75"
"5","Review","android","35-44","21","76"
"5","Review","android","45-54","13","108"
"5","Review","ios","25-34","01","76"
"5","Review","web","25-34","08","446"
"5","Review","web","25-34","17","409"
"5","Review","ios","25-34","05","79"
"5","Review","web","25-34","09","399"
"5","Review","android","18-24","14","92"
"5","Review","web","25-34","16","390"
"5","Review","web","25-34","18","262"
"5","Review","android","45-54","15","95"
"5","Review","web","25-34","19","236"
"5","Review","android","Unknown","20","77"
"5","Review","ios","25-34","02","70"
"5","Review","ios","25-34","22","72"
"5","Review","ios","25-34","06","70"
"5","Review","android","18-24","15","91"
"5","Review","android","18-24","11","81"
"5","Review","android","35-44","00","69"
"5","Review","ios","25-34","04","69"
"5","Review","android","45-54","11","96"
"5","Review","web","Unknown","11","84"
"5","Review","web","Unknown","10","88"
"5","Review","web","Unknown","13","87"
"5","Review","android","Unknown","21","67"
"5","Review","android","35-44","06","65"
"5","Review","ios","25-34","00","64"
"5","Review","web","Unknown","12","82"
"5","Review","android","35-44","22","62"
"5","Review","android","Unknown","07","62"
"5","Review","ios","18-24","20","66"
"5","Review","android","35-44","20","64"
"5","Review","ios","45-54","20","63"
"5","Review","android","Unknown","03","58"
"5","Review","android","Unknown","22","59"
"5","Review","android","35-44","07","57"
"5","Review","android","35-44","04","55"
"5","Review","android","Unknown","04","60"
"5","Review","android","Unknown","01","54"
"5","Review","web","Unknown","14","79"
"5","Review","android","Unknown","06","56"
"5","Review","android","Unknown","02","57"
"5","Review","android","35-44","03","54"
"5","Review","ios","18-24","22","53"
"5","Review","web","18-24","08","276"
"5","Review","web","18-24","16","258"
"5","Review","web","18-24","17","240"
"5","Review","web","18-24","19","181"
"5","Review","web","Unknown","15","66"
"5","Review","ios","45-54","22","55"
"5","Review","android","Unknown","00","51"
"5","Review","android","Unknown","05","51"
"5","Review","ios","18-24","07","50"
"5","Review","web","18-24","09","273"
"5","Review","android","25-34","20","54"
"5","Review","web","18-24","18","195"
"5","Review","android","Unknown","23","51"
"5","Review","android","35-44","01","51"
"5","Review","ios","18-24","04","52"
"5","Review","ios","18-24","05","48"
"5","Review","android","35-44","02","46"
"5","Review","ios","18-24","00","46"
"5","Review","android","35-44","23","46"
"5","Review","android","25-34","07","48"
"5","Review","android","25-34","23","46"
"5","Review","web","25-34","11","59"
"5","Review","ios","18-24","01","46"
"5","Review","web","25-34","14","54"
"5","Review","ios","45-54","02","46"
"5","Review","web","25-34","10","59"
"5","Review","ios","18-24","02","44"
"5","Review","ios","45-54","01","43"
"5","Review","web","45-54","08","210"
"5","Review","web","45-54","17","209"
"5","Review","web","45-54","16","209"
"5","Review","web","45-54","09","195"
"5","Review","web","45-54","19","146"
"5","Review","ios","18-24","03","40"
"5","Review","web","45-54","18","134"
"5","Review","web","25-34","12","62"
"5","Review","ios","45-54","21","42"
"5","Review","ios","45-54","05","41"
"5","Review","ios","45-54","23","40"
"5","Review","ios","45-54","07","40"
"5","Review","ios","18-24","21","38"
"5","Review","android","25-34","04","38"
"5","Review","ios","45-54","00","38"
"5","Review","android","25-34","00","37"
"5","Review","web","25-34","13","48"
"5","Review","android","25-34","02","39"
"5","Review","ios","45-54","04","37"
"5","Review","android","25-34","01","37"
"5","Review","ios","18-24","23","38"
"5","Review","android","25-34","03","38"
"5","Review","web","18-24","10","54"
"5","Review","ios","18-24","06","33"
"5","Review","web","18-24","15","35"
"5","Review","ios","45-54","03","31"
"5","Review","web","35-44","07","33"
"5","Review","web","18-24","13","40"
"5","Review","web","25-34","15","38"
"5","Review","android","25-34","06","32"
"5","Review","android","25-34","22","29"
"5","Review","android","25-34","21","29"
"5","Review","android","45-54","20","29"
"5","Review","android","25-34","05","28"
"5","Review","web","35-44","23","27"
"5","Review","web","Unknown","20","27"
"5","Review","web","18-24","11","38"
"5","Review","web","18-24","12","36"
"5","Review","web","18-24","14","34"
"5","Review","web","45-54","14","31"
"5","Review","web","35-44","01","28"
"5","Review","android","18-24","01","26"
"5","Review","web","35-44","20","24"
"5","Review","web","45-54","10","35"
"5","Review","android","18-24","20","27"
"5","Review","web","45-54","12","34"
"5","Review","web","45-54","11","32"
"5","Review","web","35-44","06","25"
"5","Review","android","45-54","00","24"
"5","Review","web","35-44","04","24"
"5","Review","web","35-44","21","24"
"5","Review","web","35-44","00","23"
"5","Review","web","45-54","13","34"
"5","Review","android","18-24","23","22"
"5","Review","web","Unknown","21","22"
"5","Review","android","45-54","06","22"
"5","Review","android","45-54","04","21"
"5","Review","android","18-24","05","23"
"5","Review","android","18-24","22","23"
"5","Review","ios","45-54","06","23"
"5","Review","android","18-24","03","23"
"5","Review","web","Unknown","05","22"
"5","Review","android","45-54","05","21"
"5","Review","web","35-44","22","21"
"5","Review","android","18-24","06","22"
"5","Review","android","45-54","02","20"
"5","Review","android","18-24","00","20"
"5","Review","web","Unknown","01","19"
"5","Review","web","45-54","15","22"
"5","Review","web","35-44","05","21"
"5","Review","web","Unknown","22","20"
"5","Review","android","45-54","01","19"
"5","Review","web","Unknown","02","18"
"5","Review","web","35-44","03","20"
"5","Review","android","18-24","04","18"
"5","Review","android","45-54","03","18"
"5","Review","android","45-54","22","18"
"5","Review","android","45-54","07","19"
"5","Review","android","18-24","02","17"
"5","Review","android","45-54","21","17"
"5","Review","web","Unknown","00","18"
"5","Review","android","18-24","21","18"
"5","Review","android","18-24","07","18"
"5","Review","android","45-54","23","16"
"5","Review","web","35-44","02","15"
"5","Review","web","Unknown","06","15"
"5","Review","web","25-34","01","14"
"5","Review","web","25-34","02","13"
"5","Review","web","Unknown","03","14"
"5","Review","web","25-34","23","13"
"5","Review","web","25-34","05","12"
"5","Review","web","Unknown","07","12"
"5","Review","web","18-24","01","12"
"5","Review","web","Unknown","23","11"
"5","Review","web","25-34","20","11"
"5","Review","web","45-54","20","11"
"5","Review","web","45-54","03","11"
"5","Review","web","25-34","04","11"
"5","Review","web","18-24","02","10"
"5","Review","web","18-24","23","9"
"5","Review","web","25-34","00","9"
"5","Review","web","45-54","00","8"
"5","Review","web","45-54","06","8"
"5","Review","web","25-34","06","7"
"5","Review","web","18-24","05","7"
"5","Review","web","Unknown","04","7"
"5","Review","web","18-24","00","6"
"5","Review","web","45-54","05","6"
"5","Review","web","45-54","23","6"
"5","Review","web","45-54","02","6"
"5","Review","web","25-34","22","6"
"5","Review","web","25-34","21","6"
"5","Review","web","25-34","07","6"
"5","Review","web","25-34","03","6"
"5","Review","web","18-24","22","6"
"5","Review","web","18-24","06","6"
"5","Review","web","18-24","04","6"
"5","Review","web","45-54","22","6"
"5","Review","web","18-24","07","6"
"5","Review","web","18-24","20","5"
"5","Review","web","18-24","21","4"
"5","Review","web","18-24","03","4"
"5","Review","web","45-54","01","3"
"5","Review","web","45-54","21","3"
"5","Review","web","45-54","07","2"
"5","Review","web","45-54","04","1"